"type";"area";"Q2_13";"Q2_14";"Q2_15"
"Parcel- og rækkehuse";"1000 København K";3;1;0
"Parcel- og rækkehuse";"1500 København V";1;2;1
"Parcel- og rækkehuse";"1800 Frederiksberg C";2;1;2
"Parcel- og rækkehuse";"2000 Frederiksberg";13;20;14
"Parcel- og rækkehuse";"2100 København Ø";11;10;10
"Parcel- og rækkehuse";"2200 København N";0;0;0
"Parcel- og rækkehuse";"2300 København S";45;51;46
"Parcel- og rækkehuse";"2400 København NV";11;12;11
"Parcel- og rækkehuse";"2450 København SV";0;0;1
"Parcel- og rækkehuse";"2500 Valby";29;45;50
"Parcel- og rækkehuse";"2600 Glostrup";42;28;52
"Parcel- og rækkehuse";"2605 Brøndby";31;31;34
"Parcel- og rækkehuse";"2610 Rødovre";51;66;81
"Parcel- og rækkehuse";"2620 Albertslund";16;19;39
"Parcel- og rækkehuse";"2625 Vallensbæk";16;15;15
"Parcel- og rækkehuse";"2630 Taastrup";55;57;69
"Parcel- og rækkehuse";"2633 Returpost";0;0;0
"Parcel- og rækkehuse";"2635 Ishøj";25;27;29
"Parcel- og rækkehuse";"2640 Hedehusene";24;23;26
"Parcel- og rækkehuse";"2650 Hvidovre";72;98;105
"Parcel- og rækkehuse";"2660 Brøndby Strand";13;18;24
"Parcel- og rækkehuse";"2665 Vallensbæk Strand";13;24;31
"Parcel- og rækkehuse";"2670 Greve";54;71;108
"Parcel- og rækkehuse";"2680 Solrød Strand";39;37;52
"Parcel- og rækkehuse";"2690 Karlslunde";15;18;49
"Parcel- og rækkehuse";"2700 Brønshøj";40;50;51
"Parcel- og rækkehuse";"2720 Vanløse";33;19;27
"Parcel- og rækkehuse";"2730 Herlev";37;45;57
"Parcel- og rækkehuse";"2740 Skovlunde";18;22;36
"Parcel- og rækkehuse";"2750 Ballerup";28;26;37
"Parcel- og rækkehuse";"2760 Måløv";7;3;8
"Parcel- og rækkehuse";"2765 Smørum";12;33;37
"Parcel- og rækkehuse";"2770 Kastrup";76;80;106
"Parcel- og rækkehuse";"2791 Dragør";47;60;65
"Parcel- og rækkehuse";"2800 Kongens Lyngby";73;41;60
"Parcel- og rækkehuse";"2820 Gentofte";38;44;50
"Parcel- og rækkehuse";"2830 Virum";61;61;53
"Parcel- og rækkehuse";"2840 Holte";39;40;39
"Parcel- og rækkehuse";"2850 Nærum";9;5;15
"Parcel- og rækkehuse";"2860 Søborg";37;28;57
"Parcel- og rækkehuse";"2870 Dyssegård";15;13;9
"Parcel- og rækkehuse";"2880 Bagsværd";22;30;44
"Parcel- og rækkehuse";"2900 Hellerup";31;26;51
"Parcel- og rækkehuse";"2920 Charlottenlund";33;36;46
"Parcel- og rækkehuse";"2930 Klampenborg";8;16;13
"Parcel- og rækkehuse";"2942 Skodsborg";2;3;1
"Parcel- og rækkehuse";"2950 Vedbæk";22;20;29
"Parcel- og rækkehuse";"2960 Rungsted Kyst";16;24;20
"Parcel- og rækkehuse";"2970 Hørsholm";47;50;65
"Parcel- og rækkehuse";"2980 Kokkedal";11;17;36
"Parcel- og rækkehuse";"2990 Nivå";14;19;21
"Parcel- og rækkehuse";"3000 Helsingør";31;24;38
"Parcel- og rækkehuse";"3050 Humlebæk";17;17;16
"Parcel- og rækkehuse";"3060 Espergærde";21;27;38
"Parcel- og rækkehuse";"3070 Snekkersten";8;5;6
"Parcel- og rækkehuse";"3080 Tikøb";4;2;2
"Parcel- og rækkehuse";"3100 Hornbæk";8;12;16
"Parcel- og rækkehuse";"3120 Dronningmølle";4;2;6
"Parcel- og rækkehuse";"3140 Ålsgårde";9;18;24
"Parcel- og rækkehuse";"3150 Hellebæk";1;1;3
"Parcel- og rækkehuse";"3200 Helsinge";25;31;41
"Parcel- og rækkehuse";"3210 Vejby";3;3;3
"Parcel- og rækkehuse";"3220 Tisvildeleje";5;0;5
"Parcel- og rækkehuse";"3230 Græsted";14;13;22
"Parcel- og rækkehuse";"3250 Gilleleje";16;10;30
"Parcel- og rækkehuse";"3300 Frederiksværk";37;19;46
"Parcel- og rækkehuse";"3310 Ølsted";1;5;2
"Parcel- og rækkehuse";"3320 Skævinge";10;8;14
"Parcel- og rækkehuse";"3330 Gørløse";6;3;3
"Parcel- og rækkehuse";"3360 Liseleje";1;7;5
"Parcel- og rækkehuse";"3370 Melby";1;1;1
"Parcel- og rækkehuse";"3390 Hundested";13;19;36
"Parcel- og rækkehuse";"3400 Hillerød";57;57;86
"Parcel- og rækkehuse";"3450 Allerød";48;43;52
"Parcel- og rækkehuse";"3460 Birkerød";31;51;51
"Parcel- og rækkehuse";"3480 Fredensborg";29;25;31
"Parcel- og rækkehuse";"3490 Kvistgård";4;3;2
"Parcel- og rækkehuse";"3500 Værløse";40;48;58
"Parcel- og rækkehuse";"3520 Farum";32;34;26
"Parcel- og rækkehuse";"3540 Lynge";5;5;12
"Parcel- og rækkehuse";"3550 Slangerup";17;31;27
"Parcel- og rækkehuse";"3600 Frederikssund";38;47;70
"Parcel- og rækkehuse";"3630 Jægerspris";12;9;19
"Parcel- og rækkehuse";"3650 Ølstykke";43;43;51
"Parcel- og rækkehuse";"3660 Stenløse";22;25;41
"Parcel- og rækkehuse";"3670 Veksø Sjælland";6;9;8
"Parcel- og rækkehuse";"3700 Rønne";41;43;45
"Parcel- og rækkehuse";"3720 Aakirkeby";8;4;10
"Parcel- og rækkehuse";"3730 Nexø";10;17;25
"Parcel- og rækkehuse";"3740 Svaneke";7;6;7
"Parcel- og rækkehuse";"3751 Østermarie";2;4;1
"Parcel- og rækkehuse";"3760 Gudhjem";5;3;3
"Parcel- og rækkehuse";"3770 Allinge";12;12;9
"Parcel- og rækkehuse";"3782 Klemensker";5;1;4
"Parcel- og rækkehuse";"3790 Hasle";5;8;8
"Parcel- og rækkehuse";"4000 Roskilde";106;123;141
"Parcel- og rækkehuse";"4030 Tune";10;13;22
"Parcel- og rækkehuse";"4040 Jyllinge";12;19;37
"Parcel- og rækkehuse";"4050 Skibby";8;5;16
"Parcel- og rækkehuse";"4060 Kirke Såby";12;10;8
"Parcel- og rækkehuse";"4070 Kirke Hyllinge";12;15;14
"Parcel- og rækkehuse";"4100 Ringsted";40;52;74
"Parcel- og rækkehuse";"4105 Ringsted";0;0;0
"Parcel- og rækkehuse";"4130 Viby Sjælland";7;18;15
"Parcel- og rækkehuse";"4140 Borup";7;10;14
"Parcel- og rækkehuse";"4160 Herlufmagle";4;5;6
"Parcel- og rækkehuse";"4171 Glumsø";7;3;6
"Parcel- og rækkehuse";"4173 Fjenneslev";2;2;4
"Parcel- og rækkehuse";"4174 Jystrup Midtsj";0;0;2
"Parcel- og rækkehuse";"4180 Sorø";31;18;38
"Parcel- og rækkehuse";"4190 Munke Bjergby";2;0;1
"Parcel- og rækkehuse";"4200 Slagelse";46;58;73
"Parcel- og rækkehuse";"4220 Korsør";17;20;33
"Parcel- og rækkehuse";"4230 Skælskør";11;13;15
"Parcel- og rækkehuse";"4241 Vemmelev";5;9;6
"Parcel- og rækkehuse";"4242 Boeslunde";2;0;2
"Parcel- og rækkehuse";"4243 Rude";0;3;1
"Parcel- og rækkehuse";"4250 Fuglebjerg";2;3;8
"Parcel- og rækkehuse";"4261 Dalmose";3;2;4
"Parcel- og rækkehuse";"4262 Sandved";5;3;2
"Parcel- og rækkehuse";"4270 Høng";13;11;13
"Parcel- og rækkehuse";"4281 Gørlev";6;9;10
"Parcel- og rækkehuse";"4291 Ruds Vedby";1;1;3
"Parcel- og rækkehuse";"4293 Dianalund";7;13;5
"Parcel- og rækkehuse";"4295 Stenlille";4;7;8
"Parcel- og rækkehuse";"4296 Nyrup";0;2;4
"Parcel- og rækkehuse";"4300 Holbæk";33;43;55
"Parcel- og rækkehuse";"4320 Lejre";6;10;17
"Parcel- og rækkehuse";"4330 Hvalsø";8;14;20
"Parcel- og rækkehuse";"4340 Tølløse";7;8;11
"Parcel- og rækkehuse";"4350 Ugerløse";2;0;2
"Parcel- og rækkehuse";"4360 Kirke Eskilstrup";0;2;3
"Parcel- og rækkehuse";"4370 Store Merløse";3;2;4
"Parcel- og rækkehuse";"4390 Vipperød";6;5;7
"Parcel- og rækkehuse";"4400 Kalundborg";35;39;37
"Parcel- og rækkehuse";"4420 Regstrup";3;5;3
"Parcel- og rækkehuse";"4440 Mørkøv";7;3;8
"Parcel- og rækkehuse";"4450 Jyderup";9;5;7
"Parcel- og rækkehuse";"4460 Snertinge";2;0;3
"Parcel- og rækkehuse";"4470 Svebølle";4;5;7
"Parcel- og rækkehuse";"4480 Store Fuglede";0;0;2
"Parcel- og rækkehuse";"4490 Jerslev Sjælland";2;3;2
"Parcel- og rækkehuse";"4500 Nykøbing Sj";11;10;11
"Parcel- og rækkehuse";"4520 Svinninge";8;7;8
"Parcel- og rækkehuse";"4532 Gislinge";2;0;4
"Parcel- og rækkehuse";"4534 Hørve";4;6;6
"Parcel- og rækkehuse";"4540 Fårevejle";6;5;12
"Parcel- og rækkehuse";"4550 Asnæs";6;6;9
"Parcel- og rækkehuse";"4560 Vig";3;4;2
"Parcel- og rækkehuse";"4571 Grevinge";2;3;1
"Parcel- og rækkehuse";"4572 Nørre Asmindrup";0;0;1
"Parcel- og rækkehuse";"4573 Højby";0;5;6
"Parcel- og rækkehuse";"4581 Rørvig";3;3;4
"Parcel- og rækkehuse";"4583 Sjællands Odde";2;1;5
"Parcel- og rækkehuse";"4591 Føllenslev";0;2;1
"Parcel- og rækkehuse";"4592 Sejerø";1;0;1
"Parcel- og rækkehuse";"4593 Eskebjerg";1;2;2
"Parcel- og rækkehuse";"4600 Køge";47;64;97
"Parcel- og rækkehuse";"4621 Gadstrup";4;8;4
"Parcel- og rækkehuse";"4622 Havdrup";7;8;18
"Parcel- og rækkehuse";"4623 Lille Skensved";6;3;16
"Parcel- og rækkehuse";"4632 Bjæverskov";11;10;18
"Parcel- og rækkehuse";"4640 Faxe";11;6;9
"Parcel- og rækkehuse";"4652 Hårlev";11;8;17
"Parcel- og rækkehuse";"4653 Karise";7;3;9
"Parcel- og rækkehuse";"4654 Faxe Ladeplads";8;7;6
"Parcel- og rækkehuse";"4660 Store Heddinge";8;11;15
"Parcel- og rækkehuse";"4671 Strøby";1;0;3
"Parcel- og rækkehuse";"4672 Klippinge";1;1;3
"Parcel- og rækkehuse";"4673 Rødvig Stevns";4;4;5
"Parcel- og rækkehuse";"4681 Herfølge";9;8;21
"Parcel- og rækkehuse";"4682 Tureby";3;3;4
"Parcel- og rækkehuse";"4683 Rønnede";3;8;9
"Parcel- og rækkehuse";"4684 Holmegaard";9;14;13
"Parcel- og rækkehuse";"4690 Haslev";22;30;33
"Parcel- og rækkehuse";"4700 Næstved";52;73;102
"Parcel- og rækkehuse";"4720 Præstø";7;9;13
"Parcel- og rækkehuse";"4733 Tappernøje";4;7;10
"Parcel- og rækkehuse";"4735 Mern";2;0;7
"Parcel- og rækkehuse";"4736 Karrebæksminde";3;1;2
"Parcel- og rækkehuse";"4750 Lundby";3;5;1
"Parcel- og rækkehuse";"4760 Vordingborg";29;22;24
"Parcel- og rækkehuse";"4771 Kalvehave";8;2;5
"Parcel- og rækkehuse";"4772 Langebæk";0;2;0
"Parcel- og rækkehuse";"4773 Stensved";2;2;6
"Parcel- og rækkehuse";"4780 Stege";14;9;20
"Parcel- og rækkehuse";"4791 Borre";2;6;2
"Parcel- og rækkehuse";"4792 Askeby";3;3;4
"Parcel- og rækkehuse";"4793 Bogø By";0;3;1
"Parcel- og rækkehuse";"4800 Nykøbing F";43;36;59
"Parcel- og rækkehuse";"4840 Nørre Alslev";7;11;16
"Parcel- og rækkehuse";"4850 Stubbekøbing";4;7;9
"Parcel- og rækkehuse";"4862 Guldborg";2;2;2
"Parcel- og rækkehuse";"4863 Eskilstrup";3;7;6
"Parcel- og rækkehuse";"4871 Horbelev";1;2;4
"Parcel- og rækkehuse";"4872 Idestrup";3;2;6
"Parcel- og rækkehuse";"4873 Væggerløse";4;4;9
"Parcel- og rækkehuse";"4874 Gedser";9;6;4
"Parcel- og rækkehuse";"4880 Nysted";2;6;3
"Parcel- og rækkehuse";"4891 Toreby L";1;4;4
"Parcel- og rækkehuse";"4892 Kettinge";2;0;6
"Parcel- og rækkehuse";"4894 Øster Ulslev";2;1;2
"Parcel- og rækkehuse";"4895 Errindlev";4;1;1
"Parcel- og rækkehuse";"4900 Nakskov";20;32;23
"Parcel- og rækkehuse";"4912 Harpelunde";4;1;0
"Parcel- og rækkehuse";"4913 Horslunde";11;1;1
"Parcel- og rækkehuse";"4920 Søllested";6;3;3
"Parcel- og rækkehuse";"4930 Maribo";21;14;13
"Parcel- og rækkehuse";"4941 Bandholm";1;3;3
"Parcel- og rækkehuse";"4943 Torrig L";2;3;0
"Parcel- og rækkehuse";"4944 Fejø";0;0;0
"Parcel- og rækkehuse";"4951 Nørreballe";3;1;0
"Parcel- og rækkehuse";"4952 Stokkemarke";2;3;0
"Parcel- og rækkehuse";"4953 Vesterborg";2;1;0
"Parcel- og rækkehuse";"4960 Holeby";5;1;4
"Parcel- og rækkehuse";"4970 Rødby";7;18;7
"Parcel- og rækkehuse";"4983 Dannemare";4;4;2
"Parcel- og rækkehuse";"4990 Sakskøbing";12;13;13
"Parcel- og rækkehuse";"5000 Odense C";32;33;42
"Parcel- og rækkehuse";"5200 Odense V";8;8;19
"Parcel- og rækkehuse";"5210 Odense NV";43;38;58
"Parcel- og rækkehuse";"5220 Odense SØ";18;25;35
"Parcel- og rækkehuse";"5230 Odense M";34;44;39
"Parcel- og rækkehuse";"5240 Odense NØ";12;14;15
"Parcel- og rækkehuse";"5250 Odense SV";48;59;88
"Parcel- og rækkehuse";"5260 Odense S";38;50;47
"Parcel- og rækkehuse";"5270 Odense N";32;35;53
"Parcel- og rækkehuse";"5290 Marslev";3;3;4
"Parcel- og rækkehuse";"5300 Kerteminde";8;12;16
"Parcel- og rækkehuse";"5320 Agedrup";5;6;11
"Parcel- og rækkehuse";"5330 Munkebo";6;8;14
"Parcel- og rækkehuse";"5350 Rynkeby";3;1;0
"Parcel- og rækkehuse";"5370 Mesinge";1;2;1
"Parcel- og rækkehuse";"5380 Dalby";1;0;1
"Parcel- og rækkehuse";"5390 Martofte";0;1;0
"Parcel- og rækkehuse";"5400 Bogense";5;12;18
"Parcel- og rækkehuse";"5450 Otterup";18;12;20
"Parcel- og rækkehuse";"5462 Morud";1;7;1
"Parcel- og rækkehuse";"5463 Harndrup";2;2;3
"Parcel- og rækkehuse";"5464 Brenderup Fyn";7;2;4
"Parcel- og rækkehuse";"5466 Asperup";1;2;2
"Parcel- og rækkehuse";"5471 Søndersø";11;6;9
"Parcel- og rækkehuse";"5474 Veflinge";1;0;1
"Parcel- og rækkehuse";"5485 Skamby";1;1;0
"Parcel- og rækkehuse";"5491 Blommenslyst";3;1;2
"Parcel- og rækkehuse";"5492 Vissenbjerg";11;4;14
"Parcel- og rækkehuse";"5500 Middelfart";25;27;84
"Parcel- og rækkehuse";"5540 Ullerslev";7;8;11
"Parcel- og rækkehuse";"5550 Langeskov";13;9;25
"Parcel- og rækkehuse";"5560 Aarup";7;9;11
"Parcel- og rækkehuse";"5580 Nørre Aaby";7;9;6
"Parcel- og rækkehuse";"5591 Gelsted";3;10;4
"Parcel- og rækkehuse";"5592 Ejby";5;3;9
"Parcel- og rækkehuse";"5600 Faaborg";29;29;22
"Parcel- og rækkehuse";"5610 Assens";12;13;12
"Parcel- og rækkehuse";"5620 Glamsbjerg";5;8;9
"Parcel- og rækkehuse";"5631 Ebberup";2;6;3
"Parcel- og rækkehuse";"5642 Millinge";1;0;2
"Parcel- og rækkehuse";"5672 Broby";5;10;13
"Parcel- og rækkehuse";"5683 Haarby";4;6;11
"Parcel- og rækkehuse";"5690 Tommerup";15;8;14
"Parcel- og rækkehuse";"5700 Svendborg";61;66;95
"Parcel- og rækkehuse";"5750 Ringe";10;23;24
"Parcel- og rækkehuse";"5762 Vester Skerninge";10;6;10
"Parcel- og rækkehuse";"5771 Stenstrup";3;6;4
"Parcel- og rækkehuse";"5772 Kværndrup";3;3;11
"Parcel- og rækkehuse";"5792 Årslev";12;16;18
"Parcel- og rækkehuse";"5800 Nyborg";34;27;32
"Parcel- og rækkehuse";"5853 Ørbæk";6;2;6
"Parcel- og rækkehuse";"5854 Gislev";1;3;3
"Parcel- og rækkehuse";"5856 Ryslinge";3;6;1
"Parcel- og rækkehuse";"5863 Ferritslev Fyn";2;2;5
"Parcel- og rækkehuse";"5871 Frørup";1;3;5
"Parcel- og rækkehuse";"5874 Hesselager";3;5;4
"Parcel- og rækkehuse";"5881 Skårup Fyn";5;7;4
"Parcel- og rækkehuse";"5882 Vejstrup";0;2;2
"Parcel- og rækkehuse";"5883 Oure";1;0;0
"Parcel- og rækkehuse";"5884 Gudme";3;1;4
"Parcel- og rækkehuse";"5892 Gudbjerg Sydfyn";0;0;0
"Parcel- og rækkehuse";"5900 Rudkøbing";10;9;13
"Parcel- og rækkehuse";"5932 Humble";5;3;6
"Parcel- og rækkehuse";"5935 Bagenkop";1;1;2
"Parcel- og rækkehuse";"5953 Tranekær";6;6;12
"Parcel- og rækkehuse";"5960 Marstal";11;8;13
"Parcel- og rækkehuse";"5970 Ærøskøbing";3;8;3
"Parcel- og rækkehuse";"5985 Søby Ærø";0;1;4
"Parcel- og rækkehuse";"6000 Kolding";93;89;119
"Parcel- og rækkehuse";"6040 Egtved";14;11;18
"Parcel- og rækkehuse";"6051 Almind";2;3;6
"Parcel- og rækkehuse";"6052 Viuf";0;0;0
"Parcel- og rækkehuse";"6064 Jordrup";1;0;2
"Parcel- og rækkehuse";"6070 Christiansfeld";4;7;6
"Parcel- og rækkehuse";"6091 Bjert";1;5;6
"Parcel- og rækkehuse";"6092 Sønder Stenderup";0;1;1
"Parcel- og rækkehuse";"6093 Sjølund";3;1;1
"Parcel- og rækkehuse";"6094 Hejls";3;0;1
"Parcel- og rækkehuse";"6100 Haderslev";45;41;54
"Parcel- og rækkehuse";"6200 Aabenraa";29;31;50
"Parcel- og rækkehuse";"6230 Rødekro";17;12;28
"Parcel- og rækkehuse";"6240 Løgumkloster";9;4;18
"Parcel- og rækkehuse";"6261 Bredebro";3;5;6
"Parcel- og rækkehuse";"6270 Tønder";12;20;12
"Parcel- og rækkehuse";"6280 Højer";2;2;1
"Parcel- og rækkehuse";"6300 Gråsten";11;14;13
"Parcel- og rækkehuse";"6310 Broager";6;11;12
"Parcel- og rækkehuse";"6320 Egernsund";0;3;2
"Parcel- og rækkehuse";"6330 Padborg";6;6;11
"Parcel- og rækkehuse";"6340 Kruså";8;9;6
"Parcel- og rækkehuse";"6360 Tinglev";7;3;3
"Parcel- og rækkehuse";"6372 Bylderup-Bov";3;4;0
"Parcel- og rækkehuse";"6392 Bolderslev";2;0;5
"Parcel- og rækkehuse";"6400 Sønderborg";47;47;46
"Parcel- og rækkehuse";"6430 Nordborg";15;14;14
"Parcel- og rækkehuse";"6440 Augustenborg";9;10;8
"Parcel- og rækkehuse";"6470 Sydals";10;12;14
"Parcel- og rækkehuse";"6500 Vojens";21;15;26
"Parcel- og rækkehuse";"6510 Gram";6;5;8
"Parcel- og rækkehuse";"6520 Toftlund";5;4;10
"Parcel- og rækkehuse";"6534 Agerskov";3;3;2
"Parcel- og rækkehuse";"6535 Branderup J";0;0;0
"Parcel- og rækkehuse";"6541 Bevtoft";0;1;2
"Parcel- og rækkehuse";"6560 Sommersted";4;0;0
"Parcel- og rækkehuse";"6580 Vamdrup";13;15;5
"Parcel- og rækkehuse";"6600 Vejen";32;23;24
"Parcel- og rækkehuse";"6621 Gesten";3;1;5
"Parcel- og rækkehuse";"6622 Bække";4;6;4
"Parcel- og rækkehuse";"6623 Vorbasse";3;2;4
"Parcel- og rækkehuse";"6630 Rødding";11;17;13
"Parcel- og rækkehuse";"6640 Lunderskov";6;7;4
"Parcel- og rækkehuse";"6650 Brørup";12;16;11
"Parcel- og rækkehuse";"6660 Lintrup";2;2;1
"Parcel- og rækkehuse";"6670 Holsted";6;5;3
"Parcel- og rækkehuse";"6682 Hovborg";0;1;1
"Parcel- og rækkehuse";"6683 Føvling";3;0;2
"Parcel- og rækkehuse";"6690 Gørding";7;5;4
"Parcel- og rækkehuse";"6700 Esbjerg";34;44;43
"Parcel- og rækkehuse";"6705 Esbjerg Ø";12;28;18
"Parcel- og rækkehuse";"6710 Esbjerg V";50;36;50
"Parcel- og rækkehuse";"6715 Esbjerg N";24;16;15
"Parcel- og rækkehuse";"6720 Fanø";4;8;3
"Parcel- og rækkehuse";"6731 Tjæreborg";6;9;6
"Parcel- og rækkehuse";"6740 Bramming";24;20;24
"Parcel- og rækkehuse";"6752 Glejbjerg";2;1;2
"Parcel- og rækkehuse";"6753 Agerbæk";3;3;3
"Parcel- og rækkehuse";"6760 Ribe";18;21;28
"Parcel- og rækkehuse";"6771 Gredstedbro";8;3;5
"Parcel- og rækkehuse";"6780 Skærbæk";11;7;8
"Parcel- og rækkehuse";"6792 Rømø";1;0;0
"Parcel- og rækkehuse";"6800 Varde";24;47;51
"Parcel- og rækkehuse";"6818 Årre";3;5;3
"Parcel- og rækkehuse";"6823 Ansager";0;4;6
"Parcel- og rækkehuse";"6830 Nørre Nebel";4;6;7
"Parcel- og rækkehuse";"6840 Oksbøl";3;3;3
"Parcel- og rækkehuse";"6851 Janderup Vestj";2;4;1
"Parcel- og rækkehuse";"6852 Billum";0;0;0
"Parcel- og rækkehuse";"6853 Vejers Strand";0;0;0
"Parcel- og rækkehuse";"6854 Henne";0;1;1
"Parcel- og rækkehuse";"6855 Outrup";1;3;0
"Parcel- og rækkehuse";"6857 Blåvand";0;2;2
"Parcel- og rækkehuse";"6862 Tistrup";3;3;5
"Parcel- og rækkehuse";"6870 Ølgod";10;10;5
"Parcel- og rækkehuse";"6880 Tarm";6;9;16
"Parcel- og rækkehuse";"6893 Hemmet";0;4;2
"Parcel- og rækkehuse";"6900 Skjern";18;16;16
"Parcel- og rækkehuse";"6920 Videbæk";16;11;17
"Parcel- og rækkehuse";"6933 Kibæk";4;13;4
"Parcel- og rækkehuse";"6940 Lem St";3;5;5
"Parcel- og rækkehuse";"6950 Ringkøbing";21;24;23
"Parcel- og rækkehuse";"6960 Hvide Sande";7;4;5
"Parcel- og rækkehuse";"6971 Spjald";3;5;5
"Parcel- og rækkehuse";"6973 Ørnhøj";0;1;1
"Parcel- og rækkehuse";"6980 Tim";2;2;3
"Parcel- og rækkehuse";"6990 Ulfborg";9;7;9
"Parcel- og rækkehuse";"7000 Fredericia";78;82;128
"Parcel- og rækkehuse";"7007 Fredericia";0;0;0
"Parcel- og rækkehuse";"7080 Børkop";20;22;31
"Parcel- og rækkehuse";"7100 Vejle";79;83;102
"Parcel- og rækkehuse";"7120 Vejle Øst";22;35;34
"Parcel- og rækkehuse";"7130 Juelsminde";10;13;17
"Parcel- og rækkehuse";"7140 Stouby";2;1;2
"Parcel- og rækkehuse";"7150 Barrit";2;2;1
"Parcel- og rækkehuse";"7160 Tørring";10;8;7
"Parcel- og rækkehuse";"7171 Uldum";6;2;4
"Parcel- og rækkehuse";"7173 Vonge";1;2;0
"Parcel- og rækkehuse";"7182 Bredsten";5;5;6
"Parcel- og rækkehuse";"7183 Randbøl";0;2;4
"Parcel- og rækkehuse";"7184 Vandel";1;2;2
"Parcel- og rækkehuse";"7190 Billund";9;16;16
"Parcel- og rækkehuse";"7200 Grindsted";17;22;21
"Parcel- og rækkehuse";"7250 Hejnsvig";2;3;4
"Parcel- og rækkehuse";"7260 Sønder Omme";3;1;6
"Parcel- og rækkehuse";"7270 Stakroge";0;0;0
"Parcel- og rækkehuse";"7280 Sønder Felding";2;3;3
"Parcel- og rækkehuse";"7300 Jelling";11;11;9
"Parcel- og rækkehuse";"7321 Gadbjerg";1;3;3
"Parcel- og rækkehuse";"7323 Give";16;22;17
"Parcel- og rækkehuse";"7330 Brande";13;17;24
"Parcel- og rækkehuse";"7361 Ejstrupholm";2;1;5
"Parcel- og rækkehuse";"7362 Hampen";0;2;1
"Parcel- og rækkehuse";"7400 Herning";77;95;114
"Parcel- og rækkehuse";"7430 Ikast";29;19;19
"Parcel- og rækkehuse";"7441 Bording";5;2;8
"Parcel- og rækkehuse";"7442 Engesvang";7;4;5
"Parcel- og rækkehuse";"7451 Sunds";12;9;12
"Parcel- og rækkehuse";"7470 Karup J";9;5;8
"Parcel- og rækkehuse";"7480 Vildbjerg";8;7;11
"Parcel- og rækkehuse";"7490 Aulum";8;8;8
"Parcel- og rækkehuse";"7500 Holstebro";76;77;101
"Parcel- og rækkehuse";"7540 Haderup";4;5;4
"Parcel- og rækkehuse";"7550 Sørvad";1;2;0
"Parcel- og rækkehuse";"7560 Hjerm";1;0;2
"Parcel- og rækkehuse";"7570 Vemb";7;4;1
"Parcel- og rækkehuse";"7600 Struer";19;15;36
"Parcel- og rækkehuse";"7620 Lemvig";25;16;12
"Parcel- og rækkehuse";"7650 Bøvlingbjerg";4;2;3
"Parcel- og rækkehuse";"7660 Bækmarksbro";1;3;0
"Parcel- og rækkehuse";"7673 Harboøre";0;1;1
"Parcel- og rækkehuse";"7680 Thyborøn";0;3;4
"Parcel- og rækkehuse";"7700 Thisted";42;50;38
"Parcel- og rækkehuse";"7730 Hanstholm";7;6;2
"Parcel- og rækkehuse";"7741 Frøstrup";1;1;3
"Parcel- og rækkehuse";"7742 Vesløs";1;0;1
"Parcel- og rækkehuse";"7752 Snedsted";9;6;7
"Parcel- og rækkehuse";"7755 Bedsted Thy";11;1;2
"Parcel- og rækkehuse";"7760 Hurup Thy";9;8;5
"Parcel- og rækkehuse";"7770 Vestervig";4;6;1
"Parcel- og rækkehuse";"7790 Thyholm";5;6;7
"Parcel- og rækkehuse";"7800 Skive";36;35;28
"Parcel- og rækkehuse";"7830 Vinderup";12;8;8
"Parcel- og rækkehuse";"7840 Højslev";6;10;8
"Parcel- og rækkehuse";"7850 Stoholm Jyll";5;5;5
"Parcel- og rækkehuse";"7860 Spøttrup";5;5;6
"Parcel- og rækkehuse";"7870 Roslev";13;11;11
"Parcel- og rækkehuse";"7884 Fur";2;2;3
"Parcel- og rækkehuse";"7900 Nykøbing M";16;22;23
"Parcel- og rækkehuse";"7950 Erslev";7;6;6
"Parcel- og rækkehuse";"7960 Karby";1;1;3
"Parcel- og rækkehuse";"7970 Redsted M";2;0;0
"Parcel- og rækkehuse";"7980 Vils";0;0;0
"Parcel- og rækkehuse";"7990 Øster Assels";2;0;1
"Parcel- og rækkehuse";"8000 Århus C";7;7;6
"Parcel- og rækkehuse";"8200 Århus N";27;18;21
"Parcel- og rækkehuse";"8210 Århus V";29;27;30
"Parcel- og rækkehuse";"8220 Brabrand";25;35;26
"Parcel- og rækkehuse";"8230 Åbyhøj";19;22;23
"Parcel- og rækkehuse";"8240 Risskov";34;53;74
"Parcel- og rækkehuse";"8245 Risskov Ø";0;0;0
"Parcel- og rækkehuse";"8250 Egå";19;19;34
"Parcel- og rækkehuse";"8260 Viby J";45;43;52
"Parcel- og rækkehuse";"8270 Højbjerg";46;48;64
"Parcel- og rækkehuse";"8300 Odder";26;33;52
"Parcel- og rækkehuse";"8305 Samsø";3;14;8
"Parcel- og rækkehuse";"8310 Tranbjerg J";19;21;20
"Parcel- og rækkehuse";"8320 Mårslet";13;20;7
"Parcel- og rækkehuse";"8330 Beder";9;13;11
"Parcel- og rækkehuse";"8340 Malling";4;8;18
"Parcel- og rækkehuse";"8350 Hundslund";0;1;0
"Parcel- og rækkehuse";"8355 Solbjerg";8;9;13
"Parcel- og rækkehuse";"8361 Hasselager";10;16;23
"Parcel- og rækkehuse";"8362 Hørning";18;20;26
"Parcel- og rækkehuse";"8370 Hadsten";22;23;38
"Parcel- og rækkehuse";"8380 Trige";5;5;5
"Parcel- og rækkehuse";"8381 Tilst";16;21;20
"Parcel- og rækkehuse";"8382 Hinnerup";30;25;20
"Parcel- og rækkehuse";"8400 Ebeltoft";13;17;24
"Parcel- og rækkehuse";"8410 Rønde";16;15;16
"Parcel- og rækkehuse";"8420 Knebel";3;2;6
"Parcel- og rækkehuse";"8444 Balle";3;3;5
"Parcel- og rækkehuse";"8450 Hammel";27;15;25
"Parcel- og rækkehuse";"8462 Harlev J";9;12;7
"Parcel- og rækkehuse";"8464 Galten";23;22;24
"Parcel- og rækkehuse";"8471 Sabro";4;9;10
"Parcel- og rækkehuse";"8472 Sporup";3;0;2
"Parcel- og rækkehuse";"8500 Grenaa";20;35;29
"Parcel- og rækkehuse";"8520 Lystrup";24;23;38
"Parcel- og rækkehuse";"8530 Hjortshøj";8;7;10
"Parcel- og rækkehuse";"8541 Skødstrup";20;9;22
"Parcel- og rækkehuse";"8543 Hornslet";13;10;21
"Parcel- og rækkehuse";"8544 Mørke";7;8;4
"Parcel- og rækkehuse";"8550 Ryomgård";8;5;9
"Parcel- og rækkehuse";"8560 Kolind";4;4;3
"Parcel- og rækkehuse";"8570 Trustrup";2;5;2
"Parcel- og rækkehuse";"8581 Nimtofte";3;3;0
"Parcel- og rækkehuse";"8585 Glesborg";6;1;4
"Parcel- og rækkehuse";"8586 Ørum Djurs";2;2;3
"Parcel- og rækkehuse";"8592 Anholt";0;0;1
"Parcel- og rækkehuse";"8600 Silkeborg";76;86;148
"Parcel- og rækkehuse";"8620 Kjellerup";14;9;14
"Parcel- og rækkehuse";"8632 Lemming";0;1;0
"Parcel- og rækkehuse";"8641 Sorring";4;3;0
"Parcel- og rækkehuse";"8643 Ans By";4;4;5
"Parcel- og rækkehuse";"8653 Them";7;6;10
"Parcel- og rækkehuse";"8654 Bryrup";4;3;3
"Parcel- og rækkehuse";"8660 Skanderborg";46;59;65
"Parcel- og rækkehuse";"8670 Låsby";2;4;5
"Parcel- og rækkehuse";"8680 Ry";11;20;17
"Parcel- og rækkehuse";"8700 Horsens";100;111;148
"Parcel- og rækkehuse";"8721 Daugård";3;5;1
"Parcel- og rækkehuse";"8722 Hedensted";8;18;19
"Parcel- og rækkehuse";"8723 Løsning";13;14;23
"Parcel- og rækkehuse";"8732 Hovedgård";10;6;4
"Parcel- og rækkehuse";"8740 Brædstrup";13;11;14
"Parcel- og rækkehuse";"8751 Gedved";5;8;2
"Parcel- og rækkehuse";"8752 Østbirk";5;8;5
"Parcel- og rækkehuse";"8762 Flemming";1;0;1
"Parcel- og rækkehuse";"8763 Rask Mølle";0;3;1
"Parcel- og rækkehuse";"8765 Klovborg";2;0;2
"Parcel- og rækkehuse";"8766 Nørre Snede";4;7;3
"Parcel- og rækkehuse";"8781 Stenderup";1;2;1
"Parcel- og rækkehuse";"8783 Hornsyld";4;5;5
"Parcel- og rækkehuse";"8800 Viborg";66;72;86
"Parcel- og rækkehuse";"8830 Tjele";16;15;17
"Parcel- og rækkehuse";"8831 Løgstrup";4;0;2
"Parcel- og rækkehuse";"8832 Skals";5;6;6
"Parcel- og rækkehuse";"8840 Rødkærsbro";3;2;2
"Parcel- og rækkehuse";"8850 Bjerringbro";12;14;28
"Parcel- og rækkehuse";"8860 Ulstrup";8;9;5
"Parcel- og rækkehuse";"8870 Langå";17;15;15
"Parcel- og rækkehuse";"8881 Thorsø";5;6;7
"Parcel- og rækkehuse";"8882 Fårvang";5;1;5
"Parcel- og rækkehuse";"8883 Gjern";2;4;6
"Parcel- og rækkehuse";"8900 Randers C";5;7;6
"Parcel- og rækkehuse";"8920 Randers NV";40;44;52
"Parcel- og rækkehuse";"8930 Randers NØ";17;10;24
"Parcel- og rækkehuse";"8940 Randers SV";17;17;14
"Parcel- og rækkehuse";"8950 Ørsted";6;5;7
"Parcel- og rækkehuse";"8960 Randers SØ";21;30;38
"Parcel- og rækkehuse";"8961 Allingåbro";8;4;10
"Parcel- og rækkehuse";"8963 Auning";6;6;7
"Parcel- og rækkehuse";"8970 Havndal";3;4;4
"Parcel- og rækkehuse";"8981 Spentrup";8;11;18
"Parcel- og rækkehuse";"8983 Gjerlev J";3;4;4
"Parcel- og rækkehuse";"8990 Fårup";3;5;10
"Parcel- og rækkehuse";"9000 Aalborg";72;63;78
"Parcel- og rækkehuse";"9200 Aalborg SV";18;22;24
"Parcel- og rækkehuse";"9210 Aalborg SØ";42;27;36
"Parcel- og rækkehuse";"9220 Aalborg Øst";17;14;18
"Parcel- og rækkehuse";"9230 Svenstrup J";21;19;23
"Parcel- og rækkehuse";"9240 Nibe";29;22;28
"Parcel- og rækkehuse";"9260 Gistrup";14;9;23
"Parcel- og rækkehuse";"9270 Klarup";10;10;23
"Parcel- og rækkehuse";"9280 Storvorde";9;18;18
"Parcel- og rækkehuse";"9293 Kongerslev";2;1;2
"Parcel- og rækkehuse";"9300 Sæby";18;21;24
"Parcel- og rækkehuse";"9310 Vodskov";11;17;18
"Parcel- og rækkehuse";"9320 Hjallerup";12;6;13
"Parcel- og rækkehuse";"9330 Dronninglund";8;14;7
"Parcel- og rækkehuse";"9340 Asaa";2;4;0
"Parcel- og rækkehuse";"9352 Dybvad";0;1;0
"Parcel- og rækkehuse";"9362 Gandrup";6;6;4
"Parcel- og rækkehuse";"9370 Hals";8;9;11
"Parcel- og rækkehuse";"9380 Vestbjerg";6;6;2
"Parcel- og rækkehuse";"9381 Sulsted";5;8;5
"Parcel- og rækkehuse";"9382 Tylstrup";5;2;1
"Parcel- og rækkehuse";"9400 Nørresundby";19;31;36
"Parcel- og rækkehuse";"9430 Vadum";4;14;11
"Parcel- og rækkehuse";"9440 Aabybro";20;25;33
"Parcel- og rækkehuse";"9460 Brovst";11;10;12
"Parcel- og rækkehuse";"9480 Løkken";9;7;15
"Parcel- og rækkehuse";"9490 Pandrup";9;11;14
"Parcel- og rækkehuse";"9492 Blokhus";7;9;3
"Parcel- og rækkehuse";"9493 Saltum";0;0;0
"Parcel- og rækkehuse";"9500 Hobro";25;26;21
"Parcel- og rækkehuse";"9510 Arden";7;11;6
"Parcel- og rækkehuse";"9520 Skørping";10;10;16
"Parcel- og rækkehuse";"9530 Støvring";23;25;26
"Parcel- og rækkehuse";"9541 Suldrup";8;5;8
"Parcel- og rækkehuse";"9550 Mariager";10;7;9
"Parcel- og rækkehuse";"9560 Hadsund";14;17;14
"Parcel- og rækkehuse";"9574 Bælum";0;2;3
"Parcel- og rækkehuse";"9575 Terndrup";0;7;0
"Parcel- og rækkehuse";"9600 Aars";28;22;31
"Parcel- og rækkehuse";"9610 Nørager";3;12;2
"Parcel- og rækkehuse";"9620 Aalestrup";9;1;8
"Parcel- og rækkehuse";"9631 Gedsted";2;0;4
"Parcel- og rækkehuse";"9632 Møldrup";0;1;4
"Parcel- og rækkehuse";"9640 Farsø";11;14;8
"Parcel- og rækkehuse";"9670 Løgstør";10;14;19
"Parcel- og rækkehuse";"9681 Ranum";1;4;5
"Parcel- og rækkehuse";"9690 Fjerritslev";12;9;8
"Parcel- og rækkehuse";"9700 Brønderslev";25;30;39
"Parcel- og rækkehuse";"9740 Jerslev J";2;4;1
"Parcel- og rækkehuse";"9750 Østervrå";2;3;0
"Parcel- og rækkehuse";"9760 Vrå";10;6;6
"Parcel- og rækkehuse";"9800 Hjørring";52;64;71
"Parcel- og rækkehuse";"9830 Tårs";4;4;8
"Parcel- og rækkehuse";"9850 Hirtshals";13;12;12
"Parcel- og rækkehuse";"9870 Sindal";10;8;8
"Parcel- og rækkehuse";"9881 Bindslev";7;3;9
"Parcel- og rækkehuse";"9900 Frederikshavn";41;42;64
"Parcel- og rækkehuse";"9940 Læsø";6;4;10
"Parcel- og rækkehuse";"9970 Strandby";4;1;8
"Parcel- og rækkehuse";"9981 Jerup";1;1;1
"Parcel- og rækkehuse";"9982 Ålbæk";0;1;3
"Parcel- og rækkehuse";"9990 Skagen";20;24;28
"Ejerlejligheder";"1000 København K";94;119;137
"Ejerlejligheder";"1500 København V";73;84;89
"Ejerlejligheder";"1800 Frederiksberg C";78;110;90
"Ejerlejligheder";"2000 Frederiksberg";145;173;229
"Ejerlejligheder";"2100 København Ø";193;214;247
"Ejerlejligheder";"2200 København N";94;130;159
"Ejerlejligheder";"2300 København S";221;306;413
"Ejerlejligheder";"2400 København NV";45;75;106
"Ejerlejligheder";"2450 København SV";41;58;71
"Ejerlejligheder";"2500 Valby";70;90;136
"Ejerlejligheder";"2600 Glostrup";17;16;30
"Ejerlejligheder";"2605 Brøndby";6;3;4
"Ejerlejligheder";"2610 Rødovre";28;44;63
"Ejerlejligheder";"2620 Albertslund";6;4;18
"Ejerlejligheder";"2625 Vallensbæk";0;6;1
"Ejerlejligheder";"2630 Taastrup";41;48;81
"Ejerlejligheder";"2633 Returpost";0;0;0
"Ejerlejligheder";"2635 Ishøj";16;17;15
"Ejerlejligheder";"2640 Hedehusene";2;7;7
"Ejerlejligheder";"2650 Hvidovre";24;25;36
"Ejerlejligheder";"2660 Brøndby Strand";2;0;1
"Ejerlejligheder";"2665 Vallensbæk Strand";10;16;19
"Ejerlejligheder";"2670 Greve";11;10;11
"Ejerlejligheder";"2680 Solrød Strand";10;10;15
"Ejerlejligheder";"2690 Karlslunde";0;1;1
"Ejerlejligheder";"2700 Brønshøj";17;43;48
"Ejerlejligheder";"2720 Vanløse";66;69;101
"Ejerlejligheder";"2730 Herlev";7;10;7
"Ejerlejligheder";"2740 Skovlunde";0;0;1
"Ejerlejligheder";"2750 Ballerup";6;14;5
"Ejerlejligheder";"2760 Måløv";3;3;5
"Ejerlejligheder";"2765 Smørum";4;9;6
"Ejerlejligheder";"2770 Kastrup";21;31;37
"Ejerlejligheder";"2791 Dragør";5;5;10
"Ejerlejligheder";"2800 Kongens Lyngby";48;52;74
"Ejerlejligheder";"2820 Gentofte";30;30;33
"Ejerlejligheder";"2830 Virum";20;19;26
"Ejerlejligheder";"2840 Holte";19;16;30
"Ejerlejligheder";"2850 Nærum";12;7;8
"Ejerlejligheder";"2860 Søborg";36;54;72
"Ejerlejligheder";"2870 Dyssegård";9;22;28
"Ejerlejligheder";"2880 Bagsværd";8;22;24
"Ejerlejligheder";"2900 Hellerup";52;57;60
"Ejerlejligheder";"2920 Charlottenlund";51;43;78
"Ejerlejligheder";"2930 Klampenborg";6;8;7
"Ejerlejligheder";"2942 Skodsborg";6;9;8
"Ejerlejligheder";"2950 Vedbæk";1;1;2
"Ejerlejligheder";"2960 Rungsted Kyst";1;2;8
"Ejerlejligheder";"2970 Hørsholm";20;21;18
"Ejerlejligheder";"2980 Kokkedal";6;6;11
"Ejerlejligheder";"2990 Nivå";3;3;5
"Ejerlejligheder";"3000 Helsingør";23;33;51
"Ejerlejligheder";"3050 Humlebæk";7;3;4
"Ejerlejligheder";"3060 Espergærde";4;10;15
"Ejerlejligheder";"3070 Snekkersten";2;2;4
"Ejerlejligheder";"3080 Tikøb";0;0;0
"Ejerlejligheder";"3100 Hornbæk";1;2;1
"Ejerlejligheder";"3120 Dronningmølle";1;0;0
"Ejerlejligheder";"3140 Ålsgårde";1;0;1
"Ejerlejligheder";"3150 Hellebæk";1;0;0
"Ejerlejligheder";"3200 Helsinge";3;1;6
"Ejerlejligheder";"3210 Vejby";0;1;0
"Ejerlejligheder";"3220 Tisvildeleje";0;0;1
"Ejerlejligheder";"3230 Græsted";0;1;1
"Ejerlejligheder";"3250 Gilleleje";1;0;4
"Ejerlejligheder";"3300 Frederiksværk";3;2;8
"Ejerlejligheder";"3310 Ølsted";0;0;0
"Ejerlejligheder";"3320 Skævinge";0;0;0
"Ejerlejligheder";"3330 Gørløse";0;0;0
"Ejerlejligheder";"3360 Liseleje";0;0;1
"Ejerlejligheder";"3370 Melby";0;0;0
"Ejerlejligheder";"3390 Hundested";0;0;4
"Ejerlejligheder";"3400 Hillerød";21;31;29
"Ejerlejligheder";"3450 Allerød";2;2;13
"Ejerlejligheder";"3460 Birkerød";19;18;25
"Ejerlejligheder";"3480 Fredensborg";4;3;9
"Ejerlejligheder";"3490 Kvistgård";0;0;0
"Ejerlejligheder";"3500 Værløse";8;10;17
"Ejerlejligheder";"3520 Farum";9;14;20
"Ejerlejligheder";"3540 Lynge";1;0;2
"Ejerlejligheder";"3550 Slangerup";1;0;0
"Ejerlejligheder";"3600 Frederikssund";6;3;12
"Ejerlejligheder";"3630 Jægerspris";0;0;0
"Ejerlejligheder";"3650 Ølstykke";1;4;6
"Ejerlejligheder";"3660 Stenløse";5;1;3
"Ejerlejligheder";"3670 Veksø Sjælland";0;0;0
"Ejerlejligheder";"3700 Rønne";1;1;1
"Ejerlejligheder";"3720 Aakirkeby";0;0;0
"Ejerlejligheder";"3730 Nexø";2;4;4
"Ejerlejligheder";"3740 Svaneke";0;0;0
"Ejerlejligheder";"3751 Østermarie";0;0;0
"Ejerlejligheder";"3760 Gudhjem";4;5;2
"Ejerlejligheder";"3770 Allinge";4;5;4
"Ejerlejligheder";"3782 Klemensker";0;0;0
"Ejerlejligheder";"3790 Hasle";1;2;1
"Ejerlejligheder";"4000 Roskilde";37;53;67
"Ejerlejligheder";"4030 Tune";0;0;0
"Ejerlejligheder";"4040 Jyllinge";0;0;0
"Ejerlejligheder";"4050 Skibby";0;1;2
"Ejerlejligheder";"4060 Kirke Såby";0;0;0
"Ejerlejligheder";"4070 Kirke Hyllinge";0;0;0
"Ejerlejligheder";"4100 Ringsted";7;13;14
"Ejerlejligheder";"4105 Ringsted";0;0;0
"Ejerlejligheder";"4130 Viby Sjælland";1;1;0
"Ejerlejligheder";"4140 Borup";0;0;0
"Ejerlejligheder";"4160 Herlufmagle";0;0;0
"Ejerlejligheder";"4171 Glumsø";1;0;0
"Ejerlejligheder";"4173 Fjenneslev";0;0;0
"Ejerlejligheder";"4174 Jystrup Midtsj";0;0;0
"Ejerlejligheder";"4180 Sorø";5;1;3
"Ejerlejligheder";"4190 Munke Bjergby";0;0;0
"Ejerlejligheder";"4200 Slagelse";10;7;12
"Ejerlejligheder";"4220 Korsør";5;4;8
"Ejerlejligheder";"4230 Skælskør";0;1;1
"Ejerlejligheder";"4241 Vemmelev";0;0;0
"Ejerlejligheder";"4242 Boeslunde";0;0;0
"Ejerlejligheder";"4243 Rude";0;0;0
"Ejerlejligheder";"4250 Fuglebjerg";0;0;0
"Ejerlejligheder";"4261 Dalmose";0;0;0
"Ejerlejligheder";"4262 Sandved";0;0;0
"Ejerlejligheder";"4270 Høng";0;0;1
"Ejerlejligheder";"4281 Gørlev";0;0;0
"Ejerlejligheder";"4291 Ruds Vedby";0;0;0
"Ejerlejligheder";"4293 Dianalund";0;0;0
"Ejerlejligheder";"4295 Stenlille";0;0;0
"Ejerlejligheder";"4296 Nyrup";0;0;0
"Ejerlejligheder";"4300 Holbæk";2;8;16
"Ejerlejligheder";"4320 Lejre";1;1;0
"Ejerlejligheder";"4330 Hvalsø";0;0;1
"Ejerlejligheder";"4340 Tølløse";0;1;0
"Ejerlejligheder";"4350 Ugerløse";0;0;0
"Ejerlejligheder";"4360 Kirke Eskilstrup";0;0;0
"Ejerlejligheder";"4370 Store Merløse";0;0;0
"Ejerlejligheder";"4390 Vipperød";0;0;0
"Ejerlejligheder";"4400 Kalundborg";3;6;1
"Ejerlejligheder";"4420 Regstrup";0;0;0
"Ejerlejligheder";"4440 Mørkøv";0;0;0
"Ejerlejligheder";"4450 Jyderup";0;0;0
"Ejerlejligheder";"4460 Snertinge";0;0;0
"Ejerlejligheder";"4470 Svebølle";0;0;0
"Ejerlejligheder";"4480 Store Fuglede";0;0;0
"Ejerlejligheder";"4490 Jerslev Sjælland";0;0;0
"Ejerlejligheder";"4500 Nykøbing Sj";3;1;4
"Ejerlejligheder";"4520 Svinninge";2;0;0
"Ejerlejligheder";"4532 Gislinge";0;1;0
"Ejerlejligheder";"4534 Hørve";0;0;1
"Ejerlejligheder";"4540 Fårevejle";0;0;0
"Ejerlejligheder";"4550 Asnæs";1;1;0
"Ejerlejligheder";"4560 Vig";0;0;0
"Ejerlejligheder";"4571 Grevinge";0;0;0
"Ejerlejligheder";"4572 Nørre Asmindrup";0;0;0
"Ejerlejligheder";"4573 Højby";0;0;0
"Ejerlejligheder";"4581 Rørvig";0;0;0
"Ejerlejligheder";"4583 Sjællands Odde";0;0;0
"Ejerlejligheder";"4591 Føllenslev";0;0;0
"Ejerlejligheder";"4592 Sejerø";0;0;0
"Ejerlejligheder";"4593 Eskebjerg";0;0;0
"Ejerlejligheder";"4600 Køge";10;19;19
"Ejerlejligheder";"4621 Gadstrup";0;1;0
"Ejerlejligheder";"4622 Havdrup";0;1;1
"Ejerlejligheder";"4623 Lille Skensved";0;0;0
"Ejerlejligheder";"4632 Bjæverskov";0;0;0
"Ejerlejligheder";"4640 Faxe";2;1;0
"Ejerlejligheder";"4652 Hårlev";0;0;0
"Ejerlejligheder";"4653 Karise";0;0;0
"Ejerlejligheder";"4654 Faxe Ladeplads";0;0;1
"Ejerlejligheder";"4660 Store Heddinge";0;0;0
"Ejerlejligheder";"4671 Strøby";0;0;0
"Ejerlejligheder";"4672 Klippinge";0;0;0
"Ejerlejligheder";"4673 Rødvig Stevns";0;0;0
"Ejerlejligheder";"4681 Herfølge";0;4;0
"Ejerlejligheder";"4682 Tureby";0;0;0
"Ejerlejligheder";"4683 Rønnede";0;0;0
"Ejerlejligheder";"4684 Holmegaard";0;0;0
"Ejerlejligheder";"4690 Haslev";0;0;1
"Ejerlejligheder";"4700 Næstved";16;14;28
"Ejerlejligheder";"4720 Præstø";2;1;1
"Ejerlejligheder";"4733 Tappernøje";1;0;0
"Ejerlejligheder";"4735 Mern";0;0;0
"Ejerlejligheder";"4736 Karrebæksminde";0;0;0
"Ejerlejligheder";"4750 Lundby";0;0;0
"Ejerlejligheder";"4760 Vordingborg";0;5;2
"Ejerlejligheder";"4771 Kalvehave";0;0;0
"Ejerlejligheder";"4772 Langebæk";0;0;0
"Ejerlejligheder";"4773 Stensved";0;0;0
"Ejerlejligheder";"4780 Stege";1;1;1
"Ejerlejligheder";"4791 Borre";0;0;0
"Ejerlejligheder";"4792 Askeby";0;0;0
"Ejerlejligheder";"4793 Bogø By";0;0;0
"Ejerlejligheder";"4800 Nykøbing F";0;5;5
"Ejerlejligheder";"4840 Nørre Alslev";0;0;0
"Ejerlejligheder";"4850 Stubbekøbing";0;0;0
"Ejerlejligheder";"4862 Guldborg";0;0;0
"Ejerlejligheder";"4863 Eskilstrup";0;0;0
"Ejerlejligheder";"4871 Horbelev";0;0;0
"Ejerlejligheder";"4872 Idestrup";0;0;0
"Ejerlejligheder";"4873 Væggerløse";2;1;2
"Ejerlejligheder";"4874 Gedser";0;0;0
"Ejerlejligheder";"4880 Nysted";1;0;2
"Ejerlejligheder";"4891 Toreby L";0;0;0
"Ejerlejligheder";"4892 Kettinge";0;0;0
"Ejerlejligheder";"4894 Øster Ulslev";0;0;0
"Ejerlejligheder";"4895 Errindlev";0;0;0
"Ejerlejligheder";"4900 Nakskov";1;0;1
"Ejerlejligheder";"4912 Harpelunde";0;0;0
"Ejerlejligheder";"4913 Horslunde";0;0;0
"Ejerlejligheder";"4920 Søllested";0;0;0
"Ejerlejligheder";"4930 Maribo";2;2;0
"Ejerlejligheder";"4941 Bandholm";0;0;0
"Ejerlejligheder";"4943 Torrig L";0;0;0
"Ejerlejligheder";"4944 Fejø";0;0;0
"Ejerlejligheder";"4951 Nørreballe";0;0;0
"Ejerlejligheder";"4952 Stokkemarke";0;0;0
"Ejerlejligheder";"4953 Vesterborg";0;0;0
"Ejerlejligheder";"4960 Holeby";0;0;0
"Ejerlejligheder";"4970 Rødby";0;0;0
"Ejerlejligheder";"4983 Dannemare";0;0;0
"Ejerlejligheder";"4990 Sakskøbing";0;0;0
"Ejerlejligheder";"5000 Odense C";54;63;75
"Ejerlejligheder";"5200 Odense V";1;2;2
"Ejerlejligheder";"5210 Odense NV";2;1;2
"Ejerlejligheder";"5220 Odense SØ";0;0;2
"Ejerlejligheder";"5230 Odense M";5;6;6
"Ejerlejligheder";"5240 Odense NØ";0;0;0
"Ejerlejligheder";"5250 Odense SV";5;4;10
"Ejerlejligheder";"5260 Odense S";1;0;2
"Ejerlejligheder";"5270 Odense N";4;3;6
"Ejerlejligheder";"5290 Marslev";0;0;0
"Ejerlejligheder";"5300 Kerteminde";0;0;1
"Ejerlejligheder";"5320 Agedrup";0;0;0
"Ejerlejligheder";"5330 Munkebo";0;0;0
"Ejerlejligheder";"5350 Rynkeby";0;0;0
"Ejerlejligheder";"5370 Mesinge";0;0;0
"Ejerlejligheder";"5380 Dalby";0;0;0
"Ejerlejligheder";"5390 Martofte";0;0;0
"Ejerlejligheder";"5400 Bogense";4;1;5
"Ejerlejligheder";"5450 Otterup";0;1;0
"Ejerlejligheder";"5462 Morud";0;0;0
"Ejerlejligheder";"5463 Harndrup";0;0;0
"Ejerlejligheder";"5464 Brenderup Fyn";4;0;0
"Ejerlejligheder";"5466 Asperup";0;0;0
"Ejerlejligheder";"5471 Søndersø";0;0;1
"Ejerlejligheder";"5474 Veflinge";0;0;0
"Ejerlejligheder";"5485 Skamby";0;0;0
"Ejerlejligheder";"5491 Blommenslyst";0;0;0
"Ejerlejligheder";"5492 Vissenbjerg";0;0;0
"Ejerlejligheder";"5500 Middelfart";1;3;7
"Ejerlejligheder";"5540 Ullerslev";0;0;0
"Ejerlejligheder";"5550 Langeskov";0;0;0
"Ejerlejligheder";"5560 Aarup";0;0;0
"Ejerlejligheder";"5580 Nørre Aaby";0;0;0
"Ejerlejligheder";"5591 Gelsted";0;0;0
"Ejerlejligheder";"5592 Ejby";0;0;0
"Ejerlejligheder";"5600 Faaborg";1;2;2
"Ejerlejligheder";"5610 Assens";0;2;1
"Ejerlejligheder";"5620 Glamsbjerg";0;0;0
"Ejerlejligheder";"5631 Ebberup";0;0;0
"Ejerlejligheder";"5642 Millinge";0;0;0
"Ejerlejligheder";"5672 Broby";0;0;0
"Ejerlejligheder";"5683 Haarby";0;0;0
"Ejerlejligheder";"5690 Tommerup";1;0;0
"Ejerlejligheder";"5700 Svendborg";6;2;6
"Ejerlejligheder";"5750 Ringe";1;0;0
"Ejerlejligheder";"5762 Vester Skerninge";0;0;0
"Ejerlejligheder";"5771 Stenstrup";0;0;0
"Ejerlejligheder";"5772 Kværndrup";0;0;0
"Ejerlejligheder";"5792 Årslev";0;0;0
"Ejerlejligheder";"5800 Nyborg";5;4;7
"Ejerlejligheder";"5853 Ørbæk";0;0;0
"Ejerlejligheder";"5854 Gislev";0;0;0
"Ejerlejligheder";"5856 Ryslinge";0;1;0
"Ejerlejligheder";"5863 Ferritslev Fyn";0;0;0
"Ejerlejligheder";"5871 Frørup";0;0;0
"Ejerlejligheder";"5874 Hesselager";0;0;0
"Ejerlejligheder";"5881 Skårup Fyn";0;0;0
"Ejerlejligheder";"5882 Vejstrup";0;0;0
"Ejerlejligheder";"5883 Oure";0;0;0
"Ejerlejligheder";"5884 Gudme";0;0;0
"Ejerlejligheder";"5892 Gudbjerg Sydfyn";0;0;0
"Ejerlejligheder";"5900 Rudkøbing";0;4;3
"Ejerlejligheder";"5932 Humble";0;0;0
"Ejerlejligheder";"5935 Bagenkop";0;0;0
"Ejerlejligheder";"5953 Tranekær";1;0;1
"Ejerlejligheder";"5960 Marstal";0;0;0
"Ejerlejligheder";"5970 Ærøskøbing";0;0;0
"Ejerlejligheder";"5985 Søby Ærø";0;0;0
"Ejerlejligheder";"6000 Kolding";9;9;14
"Ejerlejligheder";"6040 Egtved";0;0;0
"Ejerlejligheder";"6051 Almind";0;0;0
"Ejerlejligheder";"6052 Viuf";0;0;0
"Ejerlejligheder";"6064 Jordrup";0;0;0
"Ejerlejligheder";"6070 Christiansfeld";0;0;0
"Ejerlejligheder";"6091 Bjert";0;0;0
"Ejerlejligheder";"6092 Sønder Stenderup";0;0;0
"Ejerlejligheder";"6093 Sjølund";0;0;0
"Ejerlejligheder";"6094 Hejls";1;0;0
"Ejerlejligheder";"6100 Haderslev";5;5;2
"Ejerlejligheder";"6200 Aabenraa";3;7;1
"Ejerlejligheder";"6230 Rødekro";0;0;0
"Ejerlejligheder";"6240 Løgumkloster";0;0;0
"Ejerlejligheder";"6261 Bredebro";0;0;0
"Ejerlejligheder";"6270 Tønder";1;0;0
"Ejerlejligheder";"6280 Højer";0;0;0
"Ejerlejligheder";"6300 Gråsten";5;1;4
"Ejerlejligheder";"6310 Broager";1;0;0
"Ejerlejligheder";"6320 Egernsund";1;0;0
"Ejerlejligheder";"6330 Padborg";0;0;0
"Ejerlejligheder";"6340 Kruså";1;0;1
"Ejerlejligheder";"6360 Tinglev";0;0;0
"Ejerlejligheder";"6372 Bylderup-Bov";0;0;0
"Ejerlejligheder";"6392 Bolderslev";0;0;0
"Ejerlejligheder";"6400 Sønderborg";8;11;9
"Ejerlejligheder";"6430 Nordborg";0;0;0
"Ejerlejligheder";"6440 Augustenborg";0;0;0
"Ejerlejligheder";"6470 Sydals";0;0;0
"Ejerlejligheder";"6500 Vojens";0;0;0
"Ejerlejligheder";"6510 Gram";0;0;0
"Ejerlejligheder";"6520 Toftlund";0;0;0
"Ejerlejligheder";"6534 Agerskov";0;0;0
"Ejerlejligheder";"6535 Branderup J";0;0;0
"Ejerlejligheder";"6541 Bevtoft";0;0;0
"Ejerlejligheder";"6560 Sommersted";0;0;0
"Ejerlejligheder";"6580 Vamdrup";1;0;2
"Ejerlejligheder";"6600 Vejen";3;1;0
"Ejerlejligheder";"6621 Gesten";0;0;0
"Ejerlejligheder";"6622 Bække";0;0;0
"Ejerlejligheder";"6623 Vorbasse";0;0;0
"Ejerlejligheder";"6630 Rødding";0;0;0
"Ejerlejligheder";"6640 Lunderskov";0;0;0
"Ejerlejligheder";"6650 Brørup";0;0;0
"Ejerlejligheder";"6660 Lintrup";0;0;0
"Ejerlejligheder";"6670 Holsted";0;1;0
"Ejerlejligheder";"6682 Hovborg";0;0;0
"Ejerlejligheder";"6683 Føvling";0;0;0
"Ejerlejligheder";"6690 Gørding";0;0;0
"Ejerlejligheder";"6700 Esbjerg";20;22;34
"Ejerlejligheder";"6705 Esbjerg Ø";3;0;0
"Ejerlejligheder";"6710 Esbjerg V";4;2;0
"Ejerlejligheder";"6715 Esbjerg N";1;3;2
"Ejerlejligheder";"6720 Fanø";2;3;4
"Ejerlejligheder";"6731 Tjæreborg";1;0;0
"Ejerlejligheder";"6740 Bramming";1;0;0
"Ejerlejligheder";"6752 Glejbjerg";0;0;0
"Ejerlejligheder";"6753 Agerbæk";0;0;0
"Ejerlejligheder";"6760 Ribe";0;1;1
"Ejerlejligheder";"6771 Gredstedbro";0;0;0
"Ejerlejligheder";"6780 Skærbæk";0;0;0
"Ejerlejligheder";"6792 Rømø";5;6;2
"Ejerlejligheder";"6800 Varde";3;2;4
"Ejerlejligheder";"6818 Årre";0;0;0
"Ejerlejligheder";"6823 Ansager";0;0;0
"Ejerlejligheder";"6830 Nørre Nebel";3;1;0
"Ejerlejligheder";"6840 Oksbøl";0;0;0
"Ejerlejligheder";"6851 Janderup Vestj";0;0;0
"Ejerlejligheder";"6852 Billum";0;0;0
"Ejerlejligheder";"6853 Vejers Strand";0;1;0
"Ejerlejligheder";"6854 Henne";1;3;2
"Ejerlejligheder";"6855 Outrup";0;0;0
"Ejerlejligheder";"6857 Blåvand";1;2;2
"Ejerlejligheder";"6862 Tistrup";0;0;0
"Ejerlejligheder";"6870 Ølgod";0;0;2
"Ejerlejligheder";"6880 Tarm";0;0;0
"Ejerlejligheder";"6893 Hemmet";0;0;0
"Ejerlejligheder";"6900 Skjern";0;0;1
"Ejerlejligheder";"6920 Videbæk";1;2;0
"Ejerlejligheder";"6933 Kibæk";0;0;2
"Ejerlejligheder";"6940 Lem St";0;0;0
"Ejerlejligheder";"6950 Ringkøbing";2;5;7
"Ejerlejligheder";"6960 Hvide Sande";2;2;3
"Ejerlejligheder";"6971 Spjald";0;0;0
"Ejerlejligheder";"6973 Ørnhøj";1;0;0
"Ejerlejligheder";"6980 Tim";0;0;0
"Ejerlejligheder";"6990 Ulfborg";1;0;0
"Ejerlejligheder";"7000 Fredericia";10;7;7
"Ejerlejligheder";"7007 Fredericia";0;0;0
"Ejerlejligheder";"7080 Børkop";2;0;1
"Ejerlejligheder";"7100 Vejle";14;21;27
"Ejerlejligheder";"7120 Vejle Øst";1;0;0
"Ejerlejligheder";"7130 Juelsminde";0;2;2
"Ejerlejligheder";"7140 Stouby";0;0;0
"Ejerlejligheder";"7150 Barrit";0;0;0
"Ejerlejligheder";"7160 Tørring";0;0;0
"Ejerlejligheder";"7171 Uldum";0;0;0
"Ejerlejligheder";"7173 Vonge";0;0;0
"Ejerlejligheder";"7182 Bredsten";0;0;0
"Ejerlejligheder";"7183 Randbøl";0;0;0
"Ejerlejligheder";"7184 Vandel";0;0;0
"Ejerlejligheder";"7190 Billund";0;0;0
"Ejerlejligheder";"7200 Grindsted";0;0;0
"Ejerlejligheder";"7250 Hejnsvig";0;0;0
"Ejerlejligheder";"7260 Sønder Omme";0;0;0
"Ejerlejligheder";"7270 Stakroge";0;0;0
"Ejerlejligheder";"7280 Sønder Felding";1;0;0
"Ejerlejligheder";"7300 Jelling";0;0;0
"Ejerlejligheder";"7321 Gadbjerg";0;0;0
"Ejerlejligheder";"7323 Give";0;1;1
"Ejerlejligheder";"7330 Brande";0;0;0
"Ejerlejligheder";"7361 Ejstrupholm";0;0;0
"Ejerlejligheder";"7362 Hampen";0;0;0
"Ejerlejligheder";"7400 Herning";20;25;28
"Ejerlejligheder";"7430 Ikast";5;6;4
"Ejerlejligheder";"7441 Bording";0;0;0
"Ejerlejligheder";"7442 Engesvang";1;0;0
"Ejerlejligheder";"7451 Sunds";0;0;1
"Ejerlejligheder";"7470 Karup J";0;0;0
"Ejerlejligheder";"7480 Vildbjerg";3;2;0
"Ejerlejligheder";"7490 Aulum";0;0;0
"Ejerlejligheder";"7500 Holstebro";6;9;11
"Ejerlejligheder";"7540 Haderup";0;0;0
"Ejerlejligheder";"7550 Sørvad";0;0;0
"Ejerlejligheder";"7560 Hjerm";1;0;0
"Ejerlejligheder";"7570 Vemb";0;0;0
"Ejerlejligheder";"7600 Struer";3;1;1
"Ejerlejligheder";"7620 Lemvig";0;3;0
"Ejerlejligheder";"7650 Bøvlingbjerg";0;0;0
"Ejerlejligheder";"7660 Bækmarksbro";0;0;0
"Ejerlejligheder";"7673 Harboøre";0;0;0
"Ejerlejligheder";"7680 Thyborøn";0;0;0
"Ejerlejligheder";"7700 Thisted";5;2;4
"Ejerlejligheder";"7730 Hanstholm";0;0;0
"Ejerlejligheder";"7741 Frøstrup";0;0;0
"Ejerlejligheder";"7742 Vesløs";0;0;0
"Ejerlejligheder";"7752 Snedsted";0;0;0
"Ejerlejligheder";"7755 Bedsted Thy";0;0;0
"Ejerlejligheder";"7760 Hurup Thy";0;0;0
"Ejerlejligheder";"7770 Vestervig";4;2;3
"Ejerlejligheder";"7790 Thyholm";0;0;0
"Ejerlejligheder";"7800 Skive";1;2;2
"Ejerlejligheder";"7830 Vinderup";1;0;0
"Ejerlejligheder";"7840 Højslev";0;0;0
"Ejerlejligheder";"7850 Stoholm Jyll";0;0;0
"Ejerlejligheder";"7860 Spøttrup";0;0;0
"Ejerlejligheder";"7870 Roslev";0;0;0
"Ejerlejligheder";"7884 Fur";0;0;0
"Ejerlejligheder";"7900 Nykøbing M";0;0;0
"Ejerlejligheder";"7950 Erslev";0;0;0
"Ejerlejligheder";"7960 Karby";0;0;0
"Ejerlejligheder";"7970 Redsted M";0;0;0
"Ejerlejligheder";"7980 Vils";0;0;0
"Ejerlejligheder";"7990 Øster Assels";0;0;0
"Ejerlejligheder";"8000 Århus C";145;166;298
"Ejerlejligheder";"8200 Århus N";54;50;77
"Ejerlejligheder";"8210 Århus V";6;10;11
"Ejerlejligheder";"8220 Brabrand";7;8;13
"Ejerlejligheder";"8230 Åbyhøj";9;8;18
"Ejerlejligheder";"8240 Risskov";18;18;28
"Ejerlejligheder";"8245 Risskov Ø";0;0;0
"Ejerlejligheder";"8250 Egå";7;2;6
"Ejerlejligheder";"8260 Viby J";18;19;30
"Ejerlejligheder";"8270 Højbjerg";8;7;20
"Ejerlejligheder";"8300 Odder";3;1;7
"Ejerlejligheder";"8305 Samsø";0;0;0
"Ejerlejligheder";"8310 Tranbjerg J";0;0;0
"Ejerlejligheder";"8320 Mårslet";0;1;1
"Ejerlejligheder";"8330 Beder";0;1;2
"Ejerlejligheder";"8340 Malling";0;0;0
"Ejerlejligheder";"8350 Hundslund";0;0;0
"Ejerlejligheder";"8355 Solbjerg";0;0;0
"Ejerlejligheder";"8361 Hasselager";0;1;1
"Ejerlejligheder";"8362 Hørning";0;1;3
"Ejerlejligheder";"8370 Hadsten";1;0;1
"Ejerlejligheder";"8380 Trige";0;1;2
"Ejerlejligheder";"8381 Tilst";3;1;2
"Ejerlejligheder";"8382 Hinnerup";0;0;0
"Ejerlejligheder";"8400 Ebeltoft";6;7;4
"Ejerlejligheder";"8410 Rønde";0;1;0
"Ejerlejligheder";"8420 Knebel";0;0;0
"Ejerlejligheder";"8444 Balle";0;0;0
"Ejerlejligheder";"8450 Hammel";1;1;0
"Ejerlejligheder";"8462 Harlev J";0;0;0
"Ejerlejligheder";"8464 Galten";6;1;4
"Ejerlejligheder";"8471 Sabro";0;1;1
"Ejerlejligheder";"8472 Sporup";0;0;0
"Ejerlejligheder";"8500 Grenaa";2;2;1
"Ejerlejligheder";"8520 Lystrup";1;3;5
"Ejerlejligheder";"8530 Hjortshøj";0;1;0
"Ejerlejligheder";"8541 Skødstrup";1;0;8
"Ejerlejligheder";"8543 Hornslet";0;0;1
"Ejerlejligheder";"8544 Mørke";0;0;0
"Ejerlejligheder";"8550 Ryomgård";0;0;0
"Ejerlejligheder";"8560 Kolind";0;0;0
"Ejerlejligheder";"8570 Trustrup";0;0;0
"Ejerlejligheder";"8581 Nimtofte";0;0;0
"Ejerlejligheder";"8585 Glesborg";4;0;1
"Ejerlejligheder";"8586 Ørum Djurs";0;0;0
"Ejerlejligheder";"8592 Anholt";0;0;0
"Ejerlejligheder";"8600 Silkeborg";8;8;17
"Ejerlejligheder";"8620 Kjellerup";1;0;0
"Ejerlejligheder";"8632 Lemming";0;0;0
"Ejerlejligheder";"8641 Sorring";0;0;0
"Ejerlejligheder";"8643 Ans By";0;0;0
"Ejerlejligheder";"8653 Them";0;0;0
"Ejerlejligheder";"8654 Bryrup";0;0;0
"Ejerlejligheder";"8660 Skanderborg";8;15;3
"Ejerlejligheder";"8670 Låsby";0;0;0
"Ejerlejligheder";"8680 Ry";1;2;1
"Ejerlejligheder";"8700 Horsens";14;13;19
"Ejerlejligheder";"8721 Daugård";0;0;0
"Ejerlejligheder";"8722 Hedensted";1;2;2
"Ejerlejligheder";"8723 Løsning";0;0;0
"Ejerlejligheder";"8732 Hovedgård";0;0;0
"Ejerlejligheder";"8740 Brædstrup";1;0;0
"Ejerlejligheder";"8751 Gedved";0;0;0
"Ejerlejligheder";"8752 Østbirk";0;0;0
"Ejerlejligheder";"8762 Flemming";0;0;0
"Ejerlejligheder";"8763 Rask Mølle";0;0;0
"Ejerlejligheder";"8765 Klovborg";0;0;0
"Ejerlejligheder";"8766 Nørre Snede";0;0;0
"Ejerlejligheder";"8781 Stenderup";0;0;0
"Ejerlejligheder";"8783 Hornsyld";0;0;0
"Ejerlejligheder";"8800 Viborg";10;15;9
"Ejerlejligheder";"8830 Tjele";0;0;1
"Ejerlejligheder";"8831 Løgstrup";0;0;0
"Ejerlejligheder";"8832 Skals";0;0;0
"Ejerlejligheder";"8840 Rødkærsbro";0;0;0
"Ejerlejligheder";"8850 Bjerringbro";1;0;0
"Ejerlejligheder";"8860 Ulstrup";0;0;0
"Ejerlejligheder";"8870 Langå";0;0;0
"Ejerlejligheder";"8881 Thorsø";0;0;0
"Ejerlejligheder";"8882 Fårvang";0;0;0
"Ejerlejligheder";"8883 Gjern";0;0;0
"Ejerlejligheder";"8900 Randers C";27;13;19
"Ejerlejligheder";"8920 Randers NV";10;16;11
"Ejerlejligheder";"8930 Randers NØ";14;8;10
"Ejerlejligheder";"8940 Randers SV";2;4;7
"Ejerlejligheder";"8950 Ørsted";0;0;0
"Ejerlejligheder";"8960 Randers SØ";4;5;6
"Ejerlejligheder";"8961 Allingåbro";0;0;0
"Ejerlejligheder";"8963 Auning";0;1;0
"Ejerlejligheder";"8970 Havndal";0;0;0
"Ejerlejligheder";"8981 Spentrup";0;0;0
"Ejerlejligheder";"8983 Gjerlev J";0;0;0
"Ejerlejligheder";"8990 Fårup";0;0;0
"Ejerlejligheder";"9000 Aalborg";110;124;167
"Ejerlejligheder";"9200 Aalborg SV";3;5;2
"Ejerlejligheder";"9210 Aalborg SØ";4;6;3
"Ejerlejligheder";"9220 Aalborg Øst";0;0;1
"Ejerlejligheder";"9230 Svenstrup J";0;0;0
"Ejerlejligheder";"9240 Nibe";0;1;0
"Ejerlejligheder";"9260 Gistrup";0;0;0
"Ejerlejligheder";"9270 Klarup";0;0;0
"Ejerlejligheder";"9280 Storvorde";1;1;0
"Ejerlejligheder";"9293 Kongerslev";0;0;0
"Ejerlejligheder";"9300 Sæby";2;1;4
"Ejerlejligheder";"9310 Vodskov";0;1;0
"Ejerlejligheder";"9320 Hjallerup";0;1;0
"Ejerlejligheder";"9330 Dronninglund";0;1;0
"Ejerlejligheder";"9340 Asaa";0;0;0
"Ejerlejligheder";"9352 Dybvad";0;0;0
"Ejerlejligheder";"9362 Gandrup";0;0;0
"Ejerlejligheder";"9370 Hals";0;0;0
"Ejerlejligheder";"9380 Vestbjerg";0;0;0
"Ejerlejligheder";"9381 Sulsted";0;0;0
"Ejerlejligheder";"9382 Tylstrup";0;0;0
"Ejerlejligheder";"9400 Nørresundby";21;29;30
"Ejerlejligheder";"9430 Vadum";0;0;1
"Ejerlejligheder";"9440 Aabybro";0;1;0
"Ejerlejligheder";"9460 Brovst";0;0;0
"Ejerlejligheder";"9480 Løkken";4;7;0
"Ejerlejligheder";"9490 Pandrup";1;0;4
"Ejerlejligheder";"9492 Blokhus";8;3;7
"Ejerlejligheder";"9493 Saltum";0;0;0
"Ejerlejligheder";"9500 Hobro";0;2;3
"Ejerlejligheder";"9510 Arden";0;0;0
"Ejerlejligheder";"9520 Skørping";0;0;0
"Ejerlejligheder";"9530 Støvring";3;1;1
"Ejerlejligheder";"9541 Suldrup";0;0;0
"Ejerlejligheder";"9550 Mariager";0;0;0
"Ejerlejligheder";"9560 Hadsund";0;0;2
"Ejerlejligheder";"9574 Bælum";0;0;0
"Ejerlejligheder";"9575 Terndrup";0;0;0
"Ejerlejligheder";"9600 Aars";1;0;1
"Ejerlejligheder";"9610 Nørager";0;0;0
"Ejerlejligheder";"9620 Aalestrup";0;0;0
"Ejerlejligheder";"9631 Gedsted";0;0;0
"Ejerlejligheder";"9632 Møldrup";0;0;0
"Ejerlejligheder";"9640 Farsø";0;0;0
"Ejerlejligheder";"9670 Løgstør";0;0;0
"Ejerlejligheder";"9681 Ranum";3;2;6
"Ejerlejligheder";"9690 Fjerritslev";0;0;0
"Ejerlejligheder";"9700 Brønderslev";1;1;4
"Ejerlejligheder";"9740 Jerslev J";0;0;0
"Ejerlejligheder";"9750 Østervrå";0;0;0
"Ejerlejligheder";"9760 Vrå";0;0;0
"Ejerlejligheder";"9800 Hjørring";4;0;4
"Ejerlejligheder";"9830 Tårs";0;0;1
"Ejerlejligheder";"9850 Hirtshals";3;7;2
"Ejerlejligheder";"9870 Sindal";0;0;0
"Ejerlejligheder";"9881 Bindslev";0;0;1
"Ejerlejligheder";"9900 Frederikshavn";5;1;3
"Ejerlejligheder";"9940 Læsø";0;0;0
"Ejerlejligheder";"9970 Strandby";0;0;0
"Ejerlejligheder";"9981 Jerup";0;0;0
"Ejerlejligheder";"9982 Ålbæk";0;0;0
"Ejerlejligheder";"9990 Skagen";3;2;5
